{
  "Workflows": [
    {
      "Path": null,
      "SortBy": 0,
      "VariablesSectionElementsOrder": [],
      "ArgumentsSectionElementsOrder": null,
      "ConstantsSectionElementsOrder": [],
      "AddedNamespaces": null
    },
    {
      "Path": "Main.xaml",
      "SortBy": 0,
      "VariablesSectionElementsOrder": [
        "pieData&Sequence_1",
        "sheetNames&Sequence_1",
        "chart&Sequence_1",
        "piechart&Sequence_1",
        "range&Sequence_1",
        "finaldata&Sequence_15",
        "data1&Sequence_1",
        "data2&Sequence_1",
        "data3&Sequence_1",
        "DownloadsPath&Sequence_1"
      ],
      "ArgumentsSectionElementsOrder": [],
      "ConstantsSectionElementsOrder": [],
      "AddedNamespaces": null
    },
    {
      "Path": "RPA_Fusion_ExcelAutomation_UseCase2.xaml",
      "SortBy": 0,
      "VariablesSectionElementsOrder": [
        "DownloadsPath&Sequence_1",
        "data1&Sequence_1",
        "data2&Sequence_1",
        "data3&Sequence_1",
        "sheetNames&Sequence_1",
        "chart&Sequence_1",
        "piechart&Sequence_1",
        "range&Sequence_1",
        "pieData&Sequence_1",
        "finaldata&Sequence_15"
      ],
      "ArgumentsSectionElementsOrder": [],
      "ConstantsSectionElementsOrder": [],
      "AddedNamespaces": null
    },
    {
      "Path": "RPA_Eclipse_ExcelAutomation_UseCase2.xaml",
      "SortBy": 0,
      "VariablesSectionElementsOrder": [
        "DownloadsPath&Sequence_1",
        "data1&Sequence_1",
        "data2&Sequence_1",
        "data3&Sequence_1",
        "sheetNames&Sequence_1",
        "chart&Sequence_1",
        "piechart&Sequence_1",
        "range&Sequence_1",
        "pieData&Sequence_1",
        "finaldata&Sequence_15"
      ],
      "ArgumentsSectionElementsOrder": [],
      "ConstantsSectionElementsOrder": [],
      "AddedNamespaces": null
    }
  ]
}